{"cameraMode":{"drawMode":0,"name":"Shaded","section":"Shading Mode"},"sceneLighting":true,"audioPlay":false,"sceneViewState":{"showFog":true,"showMaterialUpdate":false,"showSkybox":true,"showFlares":true,"showImageEffects":true,"showParticleSystems":true,"showVisualEffectGraphs":true,"m_FxEnabled":true},"in2DMode":false,"pivot":{"x":7.833944797515869,"y":-14.675935745239258,"z":25.357402801513673},"rotation":{"x":-0.2928506135940552,"y":0.024949369952082635,"z":-0.007644707802683115,"w":-0.9558088779449463},"size":32.336509704589847,"orthographic":false}