{"cameraMode":{"drawMode":0,"name":"Shaded","section":"Shading Mode"},"sceneLighting":true,"audioPlay":false,"sceneViewState":{"showFog":true,"showMaterialUpdate":false,"showSkybox":true,"showFlares":true,"showImageEffects":true,"showParticleSystems":true,"showVisualEffectGraphs":true,"m_FxEnabled":true},"in2DMode":false,"pivot":{"x":0.05267620086669922,"y":-0.5934429168701172,"z":16.281064987182618},"rotation":{"x":0.316841185092926,"y":0.04721781983971596,"z":-0.015798574313521386,"w":0.9471802115440369},"size":25.207366943359376,"orthographic":false}