{"cameraMode":{"drawMode":0,"name":"Shaded","section":"Shading Mode"},"sceneLighting":true,"audioPlay":false,"sceneViewState":{"showFog":true,"showMaterialUpdate":false,"showSkybox":true,"showFlares":true,"showImageEffects":true,"showParticleSystems":true,"showVisualEffectGraphs":true,"m_FxEnabled":true},"in2DMode":false,"pivot":{"x":-0.05196857452392578,"y":-0.7792472839355469,"z":6.4470977783203129},"rotation":{"x":0.2931044399738312,"y":0.08904670178890228,"z":-0.027431977912783624,"w":0.9515394568443298},"size":20.627347946166993,"orthographic":false}