{"cameraMode":{"drawMode":0,"name":"Shaded","section":"Shading Mode"},"sceneLighting":true,"audioPlay":false,"sceneViewState":{"showFog":true,"showMaterialUpdate":false,"showSkybox":true,"showFlares":true,"showImageEffects":true,"showParticleSystems":true,"showVisualEffectGraphs":true,"m_FxEnabled":true},"in2DMode":false,"pivot":{"x":-5.443148136138916,"y":-25.512134552001954,"z":18.163612365722658},"rotation":{"x":-0.4363279342651367,"y":0.031568896025419238,"z":-0.015320627950131894,"w":-0.8991106152534485},"size":59.31369400024414,"orthographic":false}