{"cameraMode":{"drawMode":0,"name":"Shaded","section":"Shading Mode"},"sceneLighting":true,"audioPlay":false,"sceneViewState":{"showFog":true,"showMaterialUpdate":false,"showSkybox":true,"showFlares":true,"showImageEffects":true,"showParticleSystems":true,"showVisualEffectGraphs":true,"m_FxEnabled":true},"in2DMode":false,"pivot":{"x":-0.3090369701385498,"y":-0.13848304748535157,"z":20.293415069580079},"rotation":{"x":0.3200106918811798,"y":-0.01959914341568947,"z":0.006621479522436857,"w":0.9471989274024963},"size":17.862180709838868,"orthographic":false}