{"cameraMode":{"drawMode":0,"name":"Shaded","section":"Shading Mode"},"sceneLighting":true,"audioPlay":false,"sceneViewState":{"showFog":true,"showMaterialUpdate":false,"showSkybox":true,"showFlares":true,"showImageEffects":true,"showParticleSystems":true,"showVisualEffectGraphs":true,"m_FxEnabled":true},"in2DMode":false,"pivot":{"x":2.0938849449157717,"y":0.6294009685516357,"z":-3.477139472961426},"rotation":{"x":-0.23899637162685395,"y":0.27977243065834048,"z":-0.07212615013122559,"w":-0.9270471334457398},"size":3.8199727535247804,"orthographic":false}